<?xml version="1.0" encoding="UTF-8"?>
<export version="D">
  <design>
    <source>/Users/sumeetsharma/Documents/Personal/Driveopedia/3_RTC/rtc_pcb/rtc/rtc.sch</source>
    <date>2020 July 17, Friday 15:48:35</date>
    <tool>Eeschema (5.0.1-3-g963ef8bb5)</tool>
    <sheet number="1" name="/" tstamps="/">
      <title_block>
        <title>Table clock</title>
        <company/>
        <rev>v01</rev>
        <date>2020-07-03</date>
        <source>rtc.sch</source>
        <comment number="1" value=""/>
        <comment number="2" value=""/>
        <comment number="3" value=""/>
        <comment number="4" value="Author: Curie and Sumeet"/>
      </title_block>
    </sheet>
  </design>
  <components>
    <comp ref="U1">
      <value>ATmega328P-PU</value>
      <footprint>Package_DIP:DIP-28_W7.62mm</footprint>
      <datasheet>http://ww1.microchip.com/downloads/en/DeviceDoc/ATmega328_P%20AVR%20MCU%20with%20picoPower%20Technology%20Data%20Sheet%2040001984A.pdf</datasheet>
      <libsource lib="MCU_Microchip_ATmega" part="ATmega328P-PU" description="20MHz, 32kB Flash, 2kB SRAM, 1kB EEPROM, DIP-28"/>
      <sheetpath names="/" tstamps="/"/>
      <tstamp>5EFF0435</tstamp>
    </comp>
    <comp ref="DS1">
      <value>WC1602A</value>
      <footprint>Connector_PinHeader_2.54mm:PinHeader_1x16_P2.54mm_Vertical</footprint>
      <datasheet>http://www.wincomlcd.com/pdf/WC1602A-SFYLYHTC06.pdf</datasheet>
      <libsource lib="Display_Character" part="WC1602A" description="LCD 16x2 Alphanumeric , 8 bit parallel bus, 5V VDD"/>
      <sheetpath names="/" tstamps="/"/>
      <tstamp>5EFF0665</tstamp>
    </comp>
    <comp ref="U2">
      <value>DS3231M</value>
      <footprint>Package_SO:SOIC-16W_7.5x10.3mm_P1.27mm</footprint>
      <datasheet>http://datasheets.maximintegrated.com/en/ds/DS3231.pdf</datasheet>
      <libsource lib="Timer_RTC" part="DS3231M" description="Extremely Accurate I2C-Integrated RTC/TCXO/Crystal SOIC-16"/>
      <sheetpath names="/" tstamps="/"/>
      <tstamp>5EFF082B</tstamp>
    </comp>
    <comp ref="BAT1">
      <value>BS-7</value>
      <footprint>digikey-footprints:Battery_Holder_Coin_2032_BS-7</footprint>
      <datasheet>http://www.memoryprotectiondevices.com/datasheets/BS-7-datasheet.pdf</datasheet>
      <fields>
        <field name="Category">Battery Products</field>
        <field name="DK_Datasheet_Link">http://www.memoryprotectiondevices.com/datasheets/BS-7-datasheet.pdf</field>
        <field name="DK_Detail_Page">/product-detail/en/mpd-memory-protection-devices/BS-7/BS-7-ND/389447</field>
        <field name="Description">BATTERY HOLDER COIN 20MM PC PIN</field>
        <field name="Digi-Key_PN">BS-7-ND</field>
        <field name="Family">Battery Holders, Clips, Contacts</field>
        <field name="MPN">BS-7</field>
        <field name="Manufacturer">MPD (Memory Protection Devices)</field>
        <field name="Status">Active</field>
      </fields>
      <libsource lib="dk_Battery-Holders-Clips-Contacts" part="BS-7" description="BATTERY HOLDER COIN 20MM PC PIN"/>
      <sheetpath names="/" tstamps="/"/>
      <tstamp>5EFF1811</tstamp>
    </comp>
    <comp ref="C1">
      <value>0.1uF</value>
      <footprint>Capacitor_THT:C_Disc_D5.0mm_W2.5mm_P2.50mm</footprint>
      <datasheet>~</datasheet>
      <libsource lib="Device" part="C_Small" description="Unpolarized capacitor, small symbol"/>
      <sheetpath names="/" tstamps="/"/>
      <tstamp>5F00124B</tstamp>
    </comp>
    <comp ref="C2">
      <value>0.1uF</value>
      <footprint>Capacitor_THT:C_Disc_D5.0mm_W2.5mm_P2.50mm</footprint>
      <datasheet>~</datasheet>
      <libsource lib="Device" part="C_Small" description="Unpolarized capacitor, small symbol"/>
      <sheetpath names="/" tstamps="/"/>
      <tstamp>5F0018A9</tstamp>
    </comp>
    <comp ref="C4">
      <value>0.1uF</value>
      <footprint>Capacitor_THT:C_Disc_D5.0mm_W2.5mm_P2.50mm</footprint>
      <datasheet>~</datasheet>
      <libsource lib="Device" part="C_Small" description="Unpolarized capacitor, small symbol"/>
      <sheetpath names="/" tstamps="/"/>
      <tstamp>5F006D39</tstamp>
    </comp>
    <comp ref="R8">
      <value>1k</value>
      <footprint>Resistor_THT:R_Axial_DIN0204_L3.6mm_D1.6mm_P5.08mm_Horizontal</footprint>
      <datasheet>~</datasheet>
      <libsource lib="Device" part="R_Small_US" description="Resistor, small US symbol"/>
      <sheetpath names="/" tstamps="/"/>
      <tstamp>5F00A6ED</tstamp>
    </comp>
    <comp ref="R6">
      <value>4.7k</value>
      <footprint>Resistor_THT:R_Axial_DIN0207_L6.3mm_D2.5mm_P7.62mm_Horizontal</footprint>
      <datasheet>~</datasheet>
      <libsource lib="Device" part="R_Small_US" description="Resistor, small US symbol"/>
      <sheetpath names="/" tstamps="/"/>
      <tstamp>5F00BB64</tstamp>
    </comp>
    <comp ref="R7">
      <value>4.7k</value>
      <footprint>Resistor_THT:R_Axial_DIN0207_L6.3mm_D2.5mm_P7.62mm_Horizontal</footprint>
      <datasheet>~</datasheet>
      <libsource lib="Device" part="R_Small_US" description="Resistor, small US symbol"/>
      <sheetpath names="/" tstamps="/"/>
      <tstamp>5F00C842</tstamp>
    </comp>
    <comp ref="C3">
      <value>0.1uF</value>
      <footprint>Capacitor_THT:C_Disc_D5.0mm_W2.5mm_P2.50mm</footprint>
      <datasheet>~</datasheet>
      <libsource lib="Device" part="C_Small" description="Unpolarized capacitor, small symbol"/>
      <sheetpath names="/" tstamps="/"/>
      <tstamp>5F02A5E2</tstamp>
    </comp>
    <comp ref="R2">
      <value>39k</value>
      <footprint>Resistor_THT:R_Axial_DIN0207_L6.3mm_D2.5mm_P7.62mm_Horizontal</footprint>
      <datasheet>~</datasheet>
      <libsource lib="Device" part="R_Small_US" description="Resistor, small US symbol"/>
      <sheetpath names="/" tstamps="/"/>
      <tstamp>5F058011</tstamp>
    </comp>
    <comp ref="SW2">
      <value>Rst</value>
      <footprint>MyButtons:SW_PUSH_6mm_H4.3mm_2pin</footprint>
      <libsource lib="Switch" part="SW_Push" description="Push button switch, generic, two pins"/>
      <sheetpath names="/" tstamps="/"/>
      <tstamp>5F0581E7</tstamp>
    </comp>
    <comp ref="SW1">
      <value>+</value>
      <footprint>MyButtons:SW_PUSH_6mm_H4.3mm_2pin</footprint>
      <libsource lib="Switch" part="SW_Push" description="Push button switch, generic, two pins"/>
      <sheetpath names="/" tstamps="/"/>
      <tstamp>5F065DD8</tstamp>
    </comp>
    <comp ref="SW4">
      <value>Mode</value>
      <footprint>MyButtons:SW_PUSH_6mm_H4.3mm_2pin</footprint>
      <libsource lib="Switch" part="SW_Push" description="Push button switch, generic, two pins"/>
      <sheetpath names="/" tstamps="/"/>
      <tstamp>5F066085</tstamp>
    </comp>
    <comp ref="R1">
      <value>39k</value>
      <footprint>Resistor_THT:R_Axial_DIN0207_L6.3mm_D2.5mm_P7.62mm_Horizontal</footprint>
      <datasheet>~</datasheet>
      <libsource lib="Device" part="R_Small_US" description="Resistor, small US symbol"/>
      <sheetpath names="/" tstamps="/"/>
      <tstamp>5F0664C5</tstamp>
    </comp>
    <comp ref="R4">
      <value>39k</value>
      <footprint>Resistor_THT:R_Axial_DIN0207_L6.3mm_D2.5mm_P7.62mm_Horizontal</footprint>
      <datasheet>~</datasheet>
      <libsource lib="Device" part="R_Small_US" description="Resistor, small US symbol"/>
      <sheetpath names="/" tstamps="/"/>
      <tstamp>5F067E0D</tstamp>
    </comp>
    <comp ref="R5">
      <value>39k</value>
      <footprint>Resistor_THT:R_Axial_DIN0207_L6.3mm_D2.5mm_P7.62mm_Horizontal</footprint>
      <datasheet>~</datasheet>
      <libsource lib="Device" part="R_Small_US" description="Resistor, small US symbol"/>
      <sheetpath names="/" tstamps="/"/>
      <tstamp>5F067E4C</tstamp>
    </comp>
    <comp ref="SW3">
      <value>-</value>
      <footprint>MyButtons:SW_PUSH_6mm_H4.3mm_2pin</footprint>
      <libsource lib="Switch" part="SW_Push" description="Push button switch, generic, two pins"/>
      <sheetpath names="/" tstamps="/"/>
      <tstamp>5F09D811</tstamp>
    </comp>
    <comp ref="R3">
      <value>39k</value>
      <footprint>Resistor_THT:R_Axial_DIN0207_L6.3mm_D2.5mm_P7.62mm_Horizontal</footprint>
      <datasheet>~</datasheet>
      <libsource lib="Device" part="R_Small_US" description="Resistor, small US symbol"/>
      <sheetpath names="/" tstamps="/"/>
      <tstamp>5F0A016A</tstamp>
    </comp>
    <comp ref="C5">
      <value>10uF</value>
      <footprint>Capacitor_THT:CP_Radial_D4.0mm_P1.50mm</footprint>
      <datasheet>~</datasheet>
      <libsource lib="Device" part="C_Small" description="Unpolarized capacitor, small symbol"/>
      <sheetpath names="/" tstamps="/"/>
      <tstamp>5F0F43AD</tstamp>
    </comp>
    <comp ref="J1">
      <value>Conn_02x14_Counter_Clockwise</value>
      <footprint>MyButtons:PinSocket_2x14_P2.54mm_Vertical_Sequenced</footprint>
      <datasheet>~</datasheet>
      <libsource lib="Connector_Generic" part="Conn_02x14_Counter_Clockwise" description="Generic connector, double row, 02x14, counter clockwise pin numbering scheme (similar to DIP packge numbering), script generated (kicad-library-utils/schlib/autogen/connector/)"/>
      <sheetpath names="/" tstamps="/"/>
      <tstamp>5F0F797D</tstamp>
    </comp>
    <comp ref="SW5">
      <value>Set</value>
      <footprint>MyButtons:SW_PUSH_DPDT_6Pin_lock</footprint>
      <libsource lib="Switch" part="SW_SPDT" description="Switch, single pole double throw"/>
      <sheetpath names="/" tstamps="/"/>
      <tstamp>5F10173C</tstamp>
    </comp>
    <comp ref="J2">
      <value>Barrel_Jack_Switch</value>
      <footprint>Connector_BarrelJack:BarrelJack_Horizontal</footprint>
      <datasheet>~</datasheet>
      <libsource lib="Connector" part="Barrel_Jack_Switch" description="DC Barrel Jack with an internal switch"/>
      <sheetpath names="/" tstamps="/"/>
      <tstamp>5F1EEEBE</tstamp>
    </comp>
    <comp ref="H1">
      <value>MountingHole</value>
      <footprint>MountingHole:MountingHole_3.2mm_M3</footprint>
      <datasheet>~</datasheet>
      <libsource lib="Mechanical" part="MountingHole" description="Mounting Hole without connection"/>
      <sheetpath names="/" tstamps="/"/>
      <tstamp>5F287F25</tstamp>
    </comp>
    <comp ref="H3">
      <value>MountingHole</value>
      <footprint>MountingHole:MountingHole_3.2mm_M3</footprint>
      <datasheet>~</datasheet>
      <libsource lib="Mechanical" part="MountingHole" description="Mounting Hole without connection"/>
      <sheetpath names="/" tstamps="/"/>
      <tstamp>5F287F9E</tstamp>
    </comp>
    <comp ref="H2">
      <value>MountingHole</value>
      <footprint>MountingHole:MountingHole_3.2mm_M3</footprint>
      <datasheet>~</datasheet>
      <libsource lib="Mechanical" part="MountingHole" description="Mounting Hole without connection"/>
      <sheetpath names="/" tstamps="/"/>
      <tstamp>5F287FEA</tstamp>
    </comp>
    <comp ref="H4">
      <value>MountingHole</value>
      <footprint>MountingHole:MountingHole_3.2mm_M3</footprint>
      <datasheet>~</datasheet>
      <libsource lib="Mechanical" part="MountingHole" description="Mounting Hole without connection"/>
      <sheetpath names="/" tstamps="/"/>
      <tstamp>5F28803D</tstamp>
    </comp>
  </components>
  <libparts>
    <libpart lib="Connector" part="Barrel_Jack_Switch">
      <description>DC Barrel Jack with an internal switch</description>
      <docs>~</docs>
      <footprints>
        <fp>BarrelJack*</fp>
      </footprints>
      <fields>
        <field name="Reference">J</field>
        <field name="Value">Barrel_Jack_Switch</field>
      </fields>
      <pins>
        <pin num="1" name="~" type="passive"/>
        <pin num="2" name="~" type="passive"/>
        <pin num="3" name="~" type="passive"/>
      </pins>
    </libpart>
    <libpart lib="Connector_Generic" part="Conn_02x14_Counter_Clockwise">
      <description>Generic connector, double row, 02x14, counter clockwise pin numbering scheme (similar to DIP packge numbering), script generated (kicad-library-utils/schlib/autogen/connector/)</description>
      <docs>~</docs>
      <footprints>
        <fp>Connector*:*_2x??_*</fp>
      </footprints>
      <fields>
        <field name="Reference">J</field>
        <field name="Value">Conn_02x14_Counter_Clockwise</field>
      </fields>
      <pins>
        <pin num="1" name="Pin_1" type="passive"/>
        <pin num="2" name="Pin_2" type="passive"/>
        <pin num="3" name="Pin_3" type="passive"/>
        <pin num="4" name="Pin_4" type="passive"/>
        <pin num="5" name="Pin_5" type="passive"/>
        <pin num="6" name="Pin_6" type="passive"/>
        <pin num="7" name="Pin_7" type="passive"/>
        <pin num="8" name="Pin_8" type="passive"/>
        <pin num="9" name="Pin_9" type="passive"/>
        <pin num="10" name="Pin_10" type="passive"/>
        <pin num="11" name="Pin_11" type="passive"/>
        <pin num="12" name="Pin_12" type="passive"/>
        <pin num="13" name="Pin_13" type="passive"/>
        <pin num="14" name="Pin_14" type="passive"/>
        <pin num="15" name="Pin_15" type="passive"/>
        <pin num="16" name="Pin_16" type="passive"/>
        <pin num="17" name="Pin_17" type="passive"/>
        <pin num="18" name="Pin_18" type="passive"/>
        <pin num="19" name="Pin_19" type="passive"/>
        <pin num="20" name="Pin_20" type="passive"/>
        <pin num="21" name="Pin_21" type="passive"/>
        <pin num="22" name="Pin_22" type="passive"/>
        <pin num="23" name="Pin_23" type="passive"/>
        <pin num="24" name="Pin_24" type="passive"/>
        <pin num="25" name="Pin_25" type="passive"/>
        <pin num="26" name="Pin_26" type="passive"/>
        <pin num="27" name="Pin_27" type="passive"/>
        <pin num="28" name="Pin_28" type="passive"/>
      </pins>
    </libpart>
    <libpart lib="Device" part="C_Small">
      <description>Unpolarized capacitor, small symbol</description>
      <docs>~</docs>
      <footprints>
        <fp>C_*</fp>
      </footprints>
      <fields>
        <field name="Reference">C</field>
        <field name="Value">C_Small</field>
      </fields>
      <pins>
        <pin num="1" name="~" type="passive"/>
        <pin num="2" name="~" type="passive"/>
      </pins>
    </libpart>
    <libpart lib="Device" part="R_Small_US">
      <description>Resistor, small US symbol</description>
      <docs>~</docs>
      <footprints>
        <fp>R_*</fp>
      </footprints>
      <fields>
        <field name="Reference">R</field>
        <field name="Value">R_Small_US</field>
      </fields>
      <pins>
        <pin num="1" name="~" type="passive"/>
        <pin num="2" name="~" type="passive"/>
      </pins>
    </libpart>
    <libpart lib="Display_Character" part="WC1602A">
      <description>LCD 16x2 Alphanumeric , 8 bit parallel bus, 5V VDD</description>
      <docs>http://www.wincomlcd.com/pdf/WC1602A-SFYLYHTC06.pdf</docs>
      <footprints>
        <fp>*WC*1602A*</fp>
      </footprints>
      <fields>
        <field name="Reference">DS</field>
        <field name="Value">WC1602A</field>
        <field name="Footprint">Display:WC1602A</field>
      </fields>
      <pins>
        <pin num="1" name="VSS" type="power_in"/>
        <pin num="2" name="VDD" type="power_in"/>
        <pin num="3" name="VO" type="input"/>
        <pin num="4" name="RS" type="input"/>
        <pin num="5" name="R/W" type="input"/>
        <pin num="6" name="E" type="input"/>
        <pin num="7" name="D0" type="input"/>
        <pin num="8" name="D1" type="input"/>
        <pin num="9" name="D2" type="input"/>
        <pin num="10" name="D3" type="input"/>
        <pin num="11" name="D4" type="input"/>
        <pin num="12" name="D5" type="input"/>
        <pin num="13" name="D6" type="input"/>
        <pin num="14" name="D7" type="input"/>
        <pin num="15" name="LED(+)" type="power_in"/>
        <pin num="16" name="LED(-)" type="power_in"/>
      </pins>
    </libpart>
    <libpart lib="MCU_Microchip_ATmega" part="ATmega48A-PU">
      <aliases>
        <alias>ATmega48PA-PU</alias>
        <alias>ATmega88A-PU</alias>
        <alias>ATmega88PA-PU</alias>
        <alias>ATmega168A-PU</alias>
        <alias>ATmega168PA-PU</alias>
        <alias>ATmega328-PU</alias>
        <alias>ATmega328P-PU</alias>
      </aliases>
      <description>20MHz, 4kB Flash, 512B SRAM, 256B EEPROM, DIP-28</description>
      <docs>http://ww1.microchip.com/downloads/en/DeviceDoc/ATmega48A_88A_168A-Data-Sheet-40002007A.pdf</docs>
      <footprints>
        <fp>DIP*W7.62mm*</fp>
      </footprints>
      <fields>
        <field name="Reference">U</field>
        <field name="Value">ATmega48A-PU</field>
        <field name="Footprint">Package_DIP:DIP-28_W7.62mm</field>
      </fields>
      <pins>
        <pin num="1" name="~RESET~/PC6" type="3state"/>
        <pin num="2" name="PD0" type="3state"/>
        <pin num="3" name="PD1" type="3state"/>
        <pin num="4" name="PD2" type="3state"/>
        <pin num="5" name="PD3" type="3state"/>
        <pin num="6" name="PD4" type="3state"/>
        <pin num="7" name="VCC" type="power_in"/>
        <pin num="8" name="GND" type="power_in"/>
        <pin num="9" name="XTAL1/PB6" type="3state"/>
        <pin num="10" name="XTAL2/PB7" type="3state"/>
        <pin num="11" name="PD5" type="3state"/>
        <pin num="12" name="PD6" type="3state"/>
        <pin num="13" name="PD7" type="3state"/>
        <pin num="14" name="PB0" type="3state"/>
        <pin num="15" name="PB1" type="3state"/>
        <pin num="16" name="PB2" type="3state"/>
        <pin num="17" name="PB3" type="3state"/>
        <pin num="18" name="PB4" type="3state"/>
        <pin num="19" name="PB5" type="3state"/>
        <pin num="20" name="AVCC" type="power_in"/>
        <pin num="21" name="AREF" type="passive"/>
        <pin num="22" name="GND" type="power_in"/>
        <pin num="23" name="PC0" type="3state"/>
        <pin num="24" name="PC1" type="3state"/>
        <pin num="25" name="PC2" type="3state"/>
        <pin num="26" name="PC3" type="3state"/>
        <pin num="27" name="PC4" type="3state"/>
        <pin num="28" name="PC5" type="3state"/>
      </pins>
    </libpart>
    <libpart lib="Mechanical" part="MountingHole">
      <description>Mounting Hole without connection</description>
      <docs>~</docs>
      <footprints>
        <fp>MountingHole*</fp>
      </footprints>
      <fields>
        <field name="Reference">H</field>
        <field name="Value">MountingHole</field>
      </fields>
    </libpart>
    <libpart lib="Switch" part="SW_Push">
      <description>Push button switch, generic, two pins</description>
      <fields>
        <field name="Reference">SW</field>
        <field name="Value">SW_Push</field>
      </fields>
      <pins>
        <pin num="1" name="1" type="passive"/>
        <pin num="2" name="2" type="passive"/>
      </pins>
    </libpart>
    <libpart lib="Switch" part="SW_SPDT">
      <description>Switch, single pole double throw</description>
      <fields>
        <field name="Reference">SW</field>
        <field name="Value">SW_SPDT</field>
      </fields>
      <pins>
        <pin num="1" name="A" type="passive"/>
        <pin num="2" name="B" type="passive"/>
        <pin num="3" name="C" type="passive"/>
      </pins>
    </libpart>
    <libpart lib="Timer_RTC" part="DS3231M">
      <description>Extremely Accurate I2C-Integrated RTC/TCXO/Crystal SOIC-16</description>
      <docs>http://datasheets.maximintegrated.com/en/ds/DS3231.pdf</docs>
      <footprints>
        <fp>SOIC*7.5x10.3mm*P1.27mm*</fp>
      </footprints>
      <fields>
        <field name="Reference">U</field>
        <field name="Value">DS3231M</field>
        <field name="Footprint">Package_SO:SOIC-16W_7.5x10.3mm_P1.27mm</field>
      </fields>
      <pins>
        <pin num="1" name="32KHZ" type="openCol"/>
        <pin num="2" name="VCC" type="power_in"/>
        <pin num="3" name="~INT~/SQW" type="openCol"/>
        <pin num="4" name="~RST" type="BiDi"/>
        <pin num="5" name="GND" type="passive"/>
        <pin num="6" name="GND" type="passive"/>
        <pin num="7" name="GND" type="passive"/>
        <pin num="8" name="GND" type="passive"/>
        <pin num="9" name="GND" type="passive"/>
        <pin num="10" name="GND" type="passive"/>
        <pin num="11" name="GND" type="passive"/>
        <pin num="12" name="GND" type="passive"/>
        <pin num="13" name="GND" type="power_in"/>
        <pin num="14" name="VBAT" type="power_in"/>
        <pin num="15" name="SDA" type="BiDi"/>
        <pin num="16" name="SCL" type="input"/>
      </pins>
    </libpart>
    <libpart lib="dk_Battery-Holders-Clips-Contacts" part="BS-7">
      <description>BATTERY HOLDER COIN 20MM PC PIN</description>
      <docs>http://www.memoryprotectiondevices.com/datasheets/BS-7-datasheet.pdf</docs>
      <fields>
        <field name="Reference">BAT</field>
        <field name="Value">BS-7</field>
        <field name="Footprint">digikey-footprints:Battery_Holder_Coin_2032_BS-7</field>
        <field name="Datasheet">http://www.memoryprotectiondevices.com/datasheets/BS-7-datasheet.pdf</field>
        <field name="Digi-Key_PN">BS-7-ND</field>
        <field name="MPN">BS-7</field>
        <field name="Category">Battery Products</field>
        <field name="Family">Battery Holders, Clips, Contacts</field>
        <field name="DK_Datasheet_Link">http://www.memoryprotectiondevices.com/datasheets/BS-7-datasheet.pdf</field>
        <field name="DK_Detail_Page">/product-detail/en/mpd-memory-protection-devices/BS-7/BS-7-ND/389447</field>
        <field name="Description">BATTERY HOLDER COIN 20MM PC PIN</field>
        <field name="Manufacturer">MPD (Memory Protection Devices)</field>
        <field name="Status">Active</field>
      </fields>
      <pins>
        <pin num="Neg" name="~" type="passive"/>
        <pin num="Pos" name="~" type="passive"/>
      </pins>
    </libpart>
  </libparts>
  <libraries>
    <library logical="Connector">
      <uri>/Library/Application Support/kicad/library/Connector.lib</uri>
    </library>
    <library logical="Connector_Generic">
      <uri>/Library/Application Support/kicad/library/Connector_Generic.lib</uri>
    </library>
    <library logical="Device">
      <uri>/Library/Application Support/kicad/library/Device.lib</uri>
    </library>
    <library logical="Display_Character">
      <uri>/Library/Application Support/kicad/library/Display_Character.lib</uri>
    </library>
    <library logical="MCU_Microchip_ATmega">
      <uri>/Library/Application Support/kicad/library/MCU_Microchip_ATmega.lib</uri>
    </library>
    <library logical="Mechanical">
      <uri>/Library/Application Support/kicad/library/Mechanical.lib</uri>
    </library>
    <library logical="Switch">
      <uri>/Library/Application Support/kicad/library/Switch.lib</uri>
    </library>
    <library logical="Timer_RTC">
      <uri>/Library/Application Support/kicad/library/Timer_RTC.lib</uri>
    </library>
    <library logical="dk_Battery-Holders-Clips-Contacts">
      <uri>/Users/sumeetsharma/Documents/Personal/Driveopedia/PCB/digikey-kicad-library-master/digikey-symbols/dk_Battery-Holders-Clips-Contacts.lib</uri>
    </library>
  </libraries>
  <nets>
    <net code="1" name="/Pin10">
      <node ref="U1" pin="10"/>
      <node ref="J1" pin="10"/>
    </net>
    <net code="2" name="/Pin11">
      <node ref="U1" pin="11"/>
      <node ref="SW5" pin="2"/>
      <node ref="J1" pin="11"/>
    </net>
    <net code="3" name="/Pin12">
      <node ref="U1" pin="12"/>
      <node ref="SW4" pin="1"/>
      <node ref="R4" pin="1"/>
      <node ref="J1" pin="12"/>
    </net>
    <net code="4" name="/Pin13">
      <node ref="SW1" pin="1"/>
      <node ref="R1" pin="1"/>
      <node ref="J1" pin="13"/>
      <node ref="U1" pin="13"/>
    </net>
    <net code="5" name="/Pin17">
      <node ref="J1" pin="17"/>
      <node ref="U1" pin="17"/>
    </net>
    <net code="6" name="/Pin18">
      <node ref="U1" pin="18"/>
      <node ref="J1" pin="18"/>
    </net>
    <net code="7" name="/Pin19">
      <node ref="U1" pin="19"/>
      <node ref="J1" pin="19"/>
    </net>
    <net code="8" name="/Pin2">
      <node ref="U1" pin="2"/>
      <node ref="J1" pin="2"/>
    </net>
    <net code="9" name="/Pin21">
      <node ref="J1" pin="21"/>
      <node ref="U1" pin="21"/>
    </net>
    <net code="10" name="/Pin3">
      <node ref="J1" pin="3"/>
      <node ref="U1" pin="3"/>
    </net>
    <net code="11" name="/Pin4">
      <node ref="J1" pin="4"/>
      <node ref="U1" pin="4"/>
    </net>
    <net code="12" name="/Pin5">
      <node ref="J1" pin="5"/>
      <node ref="U1" pin="5"/>
    </net>
    <net code="13" name="/Pin6">
      <node ref="J1" pin="6"/>
      <node ref="U1" pin="6"/>
    </net>
    <net code="14" name="+5V">
      <node ref="C2" pin="1"/>
      <node ref="C4" pin="1"/>
      <node ref="J2" pin="1"/>
      <node ref="R6" pin="1"/>
      <node ref="R5" pin="1"/>
      <node ref="R7" pin="2"/>
      <node ref="R4" pin="2"/>
      <node ref="R1" pin="2"/>
      <node ref="C1" pin="1"/>
      <node ref="U1" pin="20"/>
      <node ref="J1" pin="7"/>
      <node ref="U2" pin="2"/>
      <node ref="R3" pin="2"/>
      <node ref="C3" pin="2"/>
      <node ref="U1" pin="7"/>
      <node ref="R2" pin="1"/>
      <node ref="J1" pin="20"/>
      <node ref="C5" pin="1"/>
      <node ref="DS1" pin="15"/>
      <node ref="DS1" pin="2"/>
    </net>
    <net code="15" name="/Pin9">
      <node ref="U1" pin="9"/>
      <node ref="J1" pin="9"/>
    </net>
    <net code="16" name="Net-(DS1-Pad10)">
      <node ref="DS1" pin="10"/>
    </net>
    <net code="17" name="/Pin23">
      <node ref="J1" pin="23"/>
      <node ref="DS1" pin="11"/>
      <node ref="U1" pin="23"/>
    </net>
    <net code="18" name="/Pin24">
      <node ref="U1" pin="24"/>
      <node ref="DS1" pin="12"/>
      <node ref="J1" pin="24"/>
    </net>
    <net code="19" name="/Pin25">
      <node ref="U1" pin="25"/>
      <node ref="DS1" pin="13"/>
      <node ref="J1" pin="25"/>
    </net>
    <net code="20" name="/Pin26">
      <node ref="U1" pin="26"/>
      <node ref="DS1" pin="14"/>
      <node ref="J1" pin="26"/>
    </net>
    <net code="21" name="/Pin15">
      <node ref="J1" pin="15"/>
      <node ref="U1" pin="15"/>
      <node ref="DS1" pin="4"/>
    </net>
    <net code="22" name="Net-(DS1-Pad7)">
      <node ref="DS1" pin="7"/>
    </net>
    <net code="23" name="Net-(DS1-Pad8)">
      <node ref="DS1" pin="8"/>
    </net>
    <net code="24" name="Net-(DS1-Pad9)">
      <node ref="DS1" pin="9"/>
    </net>
    <net code="25" name="Net-(U2-Pad1)">
      <node ref="U2" pin="1"/>
    </net>
    <net code="26" name="Net-(BAT1-PadPos)">
      <node ref="BAT1" pin="Pos"/>
      <node ref="U2" pin="14"/>
    </net>
    <net code="27" name="Net-(U2-Pad3)">
      <node ref="U2" pin="3"/>
    </net>
    <net code="28" name="Net-(U2-Pad4)">
      <node ref="U2" pin="4"/>
    </net>
    <net code="29" name="/Pin27">
      <node ref="R6" pin="2"/>
      <node ref="J1" pin="27"/>
      <node ref="U2" pin="15"/>
      <node ref="U1" pin="27"/>
    </net>
    <net code="30" name="GND">
      <node ref="C5" pin="2"/>
      <node ref="J1" pin="22"/>
      <node ref="U1" pin="22"/>
      <node ref="SW3" pin="1"/>
      <node ref="U2" pin="11"/>
      <node ref="U1" pin="8"/>
      <node ref="SW4" pin="2"/>
      <node ref="SW1" pin="2"/>
      <node ref="U2" pin="12"/>
      <node ref="J1" pin="8"/>
      <node ref="U2" pin="13"/>
      <node ref="DS1" pin="1"/>
      <node ref="SW2" pin="2"/>
      <node ref="U2" pin="5"/>
      <node ref="U2" pin="6"/>
      <node ref="U2" pin="7"/>
      <node ref="U2" pin="8"/>
      <node ref="U2" pin="9"/>
      <node ref="DS1" pin="16"/>
      <node ref="BAT1" pin="Neg"/>
      <node ref="DS1" pin="3"/>
      <node ref="DS1" pin="5"/>
      <node ref="C3" pin="1"/>
      <node ref="SW5" pin="3"/>
      <node ref="U2" pin="10"/>
      <node ref="C1" pin="2"/>
      <node ref="C2" pin="2"/>
      <node ref="C4" pin="2"/>
      <node ref="J2" pin="2"/>
      <node ref="J2" pin="3"/>
      <node ref="R8" pin="2"/>
    </net>
    <net code="31" name="/Pin16">
      <node ref="R8" pin="1"/>
      <node ref="DS1" pin="6"/>
      <node ref="J1" pin="16"/>
      <node ref="U1" pin="16"/>
    </net>
    <net code="32" name="/Pin28">
      <node ref="R7" pin="1"/>
      <node ref="U2" pin="16"/>
      <node ref="J1" pin="28"/>
      <node ref="U1" pin="28"/>
    </net>
    <net code="33" name="/Pin1">
      <node ref="U1" pin="1"/>
      <node ref="R2" pin="2"/>
      <node ref="SW2" pin="1"/>
      <node ref="J1" pin="1"/>
    </net>
    <net code="34" name="/Pin14">
      <node ref="SW3" pin="2"/>
      <node ref="R3" pin="1"/>
      <node ref="U1" pin="14"/>
      <node ref="J1" pin="14"/>
    </net>
    <net code="35" name="Net-(R5-Pad2)">
      <node ref="SW5" pin="1"/>
      <node ref="R5" pin="2"/>
    </net>
  </nets>
</export>
